id,cluster
278,17
238,61
372058,30
424,88
240,156
129,41
324857,76
497,15
637,215
680,167
155,122
539,111
550,0
13,18
389,0
122,1
12477,6
510,75
769,17
11216,2
901,18
18491,133
311,15
14537,31
244786,46
346,113
914,26
429,70
599,0
598,15
73,136
4935,179
128,179
517814,0
1891,80
26451,33
3782,0
975,6
207,75
290098,34
455661,161
265177,38
797,3
18148,3
490132,48
11659,61
37257,155
20914,26
567,23
101,156
398818,4
10376,159
3082,5
423,6
895,158
807,9
120,1
339877,90
24382,7
27205,197
378064,75
24188,5
299536,182
274,220
1398,8
121,1
335,70
10098,5
77338,58
12493,33
406997,45
411088,9
105,218
157336,37
426,42
25237,88
19,166
284,162
1585,11
5156,0
28,28
629,10
422,0
705,0
780,158
8587,27
110420,11
670,135
449176,226
694,12
548,44
77,42
11,80
185,133
239,25
996,155
490,0
470044,7
92321,60
429210,5
359940,54
9764,77
10494,83
833,0
500,167
103,15
110416,60
149871,11
935,28
334543,160
614,3
1124,23
654,54
354912,13
19542,30
832,122
8392,60
264644,35
14696,90
872,207
11878,35
50014,0
424694,142
10242,231
439,215
1422,33
289,30
111,122
16869,164
98,77
147,0
1394,30
360814,19
15,90
1396,158
843,116
29264,173
600,28
1092,42
3090,77
7345,102
140420,40
655,136
857,88
11423,33
11324,23
12445,181
307,158
603,191
28971,170
205596,88
38,123
46738,28
9277,95
110,30
489,0
582,35
11712,5
11645,31
18438,170
2517,136
324786,88
387,88
348,196
595,102
1059,130
103663,38
11104,170
378108,0
1955,104
42229,30
10997,0
62,192
204,183
7347,14
775,224
662,123
32085,60
315465,60
120467,5
310569,38
19426,0
521,149
1580,10
641,15
821,158
1626,0
3112,148
666,0
37165,5
14,38
303867,94
83564,40
381284,104
2721,152
279,158
505192,15
406,0
12104,119
17295,16
68718,75
316029,160
3083,5
29845,0
146233,156
430424,6
11778,28
631,30
8422,54
10404,0
7508,38
1892,80
28178,75
11656,15
947,88
100,7
393729,75
10238,136
5511,33
293299,27
962,24
336804,136
334533,24
396,0
10681,193
31442,3
10774,112
1091,171
5924,17
10515,179
451945,0
25364,0
938,70
405,0
150540,27
627,15
3175,30
213,42
435129,27
11010,18
106646,95
466282,226
5925,88
524,15
596,0
33320,30
5544,59
76203,158
78,166
381341,5
266856,91
149,176
13223,93
829,149
93,149
9323,176
25376,44
827,114
60243,0
3777,158
21334,204
1578,19
3034,82
673,181
1675,5
33,70
934,14
15383,6
223,90
10227,26
400928,45
804,170
142061,128
24,222
11293,58
194,25
41050,0
70,36
118340,76
862,161
234200,5
593,37
280,213
16,15
8290,26
20453,170
2011,38
20334,18
13042,40
7857,5
14160,62
4348,30
210577,23
49687,170
13398,27
770,68
8885,28
426426,0
7984,38
11602,0
6977,10
313369,56
640,160
303,34
115,7
399174,195
16804,0
752,189
745,23
235,75
826,88
851,30
20126,20
1402,160
10674,85
301,70
679,216
122906,94
81,179
144,107
85,221
197,21
198,6
152601,123
13929,40
3078,25
762,195
982,35
11953,21
11036,30
275,220
5915,160
152742,44
242828,75
169813,38
329,80
76,30
166428,118
22843,176
320007,108
963,155
71157,0
314365,35
391,70
335578,16
234,233
25253,228
1280,17
4480,0
24480,40
903,17
702,102
990,36
14574,6
6075,65
24238,5
113,0
453,30
2108,57
108,61
11787,204
141,38
776,170
11898,22
1018,23
265195,35
37797,27
10386,193
925,0
11482,12
703,18
949,122
1628,30
632,28
14580,33
777,16
4497,0
371645,24
13855,65
393,52
200727,25
671,41
613,88
873,136
581,96
8416,0
110160,30
5961,90
981,25
9421,26
553,10
968,33
24657,0
583,26
24653,15
136,112
428493,30
143,6
393559,27
16305,24
14069,133
382591,100
269,15
261,116
9479,120
12,40
16859,179
12093,65
2118,149
149870,150
177572,84
10835,33
993,9
887,59
597,4
15794,43
1075,157
451480,59
59440,0
238628,28
4977,3
845,148
4808,42
84892,0
10775,168
263115,89
309,38
17483,30
14811,2
16391,0
9702,122
107,167
3114,70
297222,58
265169,29
1633,5
10633,149
11686,32
11902,6
89,221
11005,0
86837,4
142,30
47931,14
1480,10
18329,30
117,10
336,70
419478,69
576,70
2786,35
585,161
587,38
483184,156
404,136
336808,96
11621,195
653,61
247,167
8703,209
10322,5
29458,160
1646,160
525,228
13363,133
1040,0
877,122
8342,31
805,111
164,162
375262,32
269149,62
8832,0
12444,181
12405,30
674,181
322,149
3009,15
1093,10
45269,158
10193,161
665,110
995,70
380,61
891,152
440298,159
2440,151
10191,179
10020,120
9800,0
374473,0
343,170
296096,30
910,155
18079,33
14784,96
1417,28
288,70
1879,170
96721,36
11697,70
220,4
9343,77
49026,122
1700,35
396535,141
10161,160
3767,34
284427,83
11327,17
16306,89
126319,58
4481,61
313297,118
792,151
26280,38
1366,0
793,149
334,38
5165,90
1654,221
55,35
11113,56
11220,4
68,126
11356,58
277216,102
515916,0
976,46
1939,112
37719,26
83666,170
37247,5
820,152
2493,73
4024,30
273248,44
205,16
17057,23
165,131
82702,13
514754,60
678,23
11016,10
22,182
111083,42
242582,10
375572,36
8094,0
244,37
286217,37
221,38
9081,3
672,41
180299,39
648,107
11031,119
413594,182
9806,128
10331,79
21734,10
99,5
100402,76
10315,62
1600,35
11040,24
1587,136
283995,76
562,198
489999,23
333339,192
207703,201
900,25
5528,56
162,107
16642,4
167581,30
64,30
1786,28
11854,4
306819,0
14756,31
6844,158
28580,0
4593,26
17431,166
22683,160
531,161
2000,158
3001,25
3133,15
4995,0
12429,40
1592,149
15097,26
11657,33
2062,202
9040,15
12548,58
2433,207
11190,23
10757,100
272,14
2013,0
283587,28
11299,176
11167,12
158,7
5910,15
767,41
30018,155
12516,3
244063,75
8073,15
10229,69
21575,17
414425,0
4909,234
31417,114
222935,69
41411,16
643,158
3529,121
24428,76
675,41
773,204
1632,152
11562,64
3558,160
638,23
10778,15
1712,113
15137,176
527,93
9552,101
9444,40
9377,208
824,56
940,42
871,124
9475,46
51608,234
13187,87
9394,86
12169,0
15121,105
11321,0
308369,57
746,158
244267,133
11046,50
3870,59
578,12
7735,35
765,147
874,158
1607,43
137113,89
592,44
262,22
3116,46
907,68
11610,170
4291,45
175,2
4960,46
11782,52
109424,47
260513,128
487558,160
9023,62
21450,5
8333,222
229,79
8358,96
13466,160
246741,67
642,70
5708,0
2009,93
1245,30
433,202
985,79
309809,179
346648,62
10907,205
747,67
100271,11
71859,35
83389,0
27327,212
212,200
57158,1
264660,133
43920,0
9693,203
11906,153
15371,97
10637,36
10683,204
4347,68
337703,11
221731,77
475,15
14813,40
11344,14
389015,160
71,48
319,49
19101,38
2649,23
625,16
983,96
812,120
1360,91
12498,0
11030,26
379,65
923,79
966,70
3063,26
1904,59
11658,50
293660,130
44214,114
109,90
9912,0
63,184
4982,15
489925,5
11704,179
64690,65
11798,65
11171,0
451657,38
808,13
688,116
51739,60
16958,10
1933,111
11481,51
16372,199
277834,84
72478,57
11159,38
284293,0
85350,57
10435,160
16619,0
382614,38
491418,5
1902,35
339,64
251516,132
782,184
15472,149
198375,30
1913,102
14433,21
127585,76
211954,5
1726,76
38757,40
14836,40
15764,30
574,149
10784,159
11474,137
1051,52
383498,130
407445,91
284053,63
7500,52
3035,146
14257,32
63311,111
9340,62
186,149
404378,45
433247,16
14919,128
10787,53
290,5
6620,18
212167,37
630,178
338,215
626,3
9549,158
491584,23
137,139
4638,200
967,78
6404,101
74879,54
79,78
902,192
3580,54
28874,40
59436,134
13310,112
451915,160
1554,22
948,174
9366,10
4550,35
10747,70
4951,226
984,52
323272,30
315846,5
4553,35
9504,44
828,55
177945,38
218,203
1954,81
11901,79
7452,15
1052,23
11471,17
649,116
12102,29
9289,88
5967,56
1523,0
9571,57
10110,16
265180,0
2056,58
571,79
9665,28
532,161
377263,59
26963,60
228205,4
10843,64
419430,153
863,161
530,193
10549,61
43949,30
407449,0
11206,233
7913,32
334541,0
74308,0
1407,142
11816,38
22881,36
37903,90
226,54
11969,70
786,159
219,170
486947,10
783,158
1883,158
650,15
8321,95
8740,12
11545,5
19067,28
154,197
14282,179
273895,158
138843,12
5723,159
11943,70
330459,80
22584,137
11549,171
12837,96
24226,0
11688,13
203833,0
522,32
9462,222
363,4
3085,170
11970,13
1372,47
819,10
11829,204
11178,170
27632,79
12163,30
1542,26
2134,232
9385,62
4174,114
13689,0
601,206
10734,17
1023,95
575,35
9008,35
779,235
10911,50
9428,5
4922,34
416477,170
921,59
37181,0
2292,66
429174,0
137106,13
129670,96
394117,75
16320,186
1251,151
205220,0
13932,118
10950,0
374720,6
4133,15
69,159
36040,136
252,202
6037,200
228150,151
1088,61
11368,10
10794,115
260,20
13321,35
1949,149
7214,36
13475,80
616,21
356296,10
11202,88
41201,27
7863,160
157354,0
503314,140
266,0
38985,83
140607,63
329865,8
13446,5
16563,204
18,197
18333,101
132344,30
11615,155
3109,18
339403,222
2291,101
14534,19
194662,64
2757,95
281957,183
179144,5
1847,149
74643,170
192,23
33273,47
57361,65
101299,124
620,173
76341,186
1579,137
802,30
258480,71
9495,99
7549,113
274109,30
36557,214
1541,183
10377,22
10849,134
11713,135
11881,45
1116,28
16646,158
293863,107
687,93
417261,159
1594,7
206487,81
2640,58
892,190
433498,104
9016,206
239877,170
4203,5
11349,35
190859,151
4543,66
13635,122
11544,40
388,220
348678,5
12140,133
11663,48
2898,106
227306,19
1923,90
340666,38
763,67
289222,104
271674,68
6916,86
395834,155
140823,32
34653,30
10086,95
9461,98
145,2
856,60
8055,69
9559,10
30197,26
3110,0
193756,47
1653,0
6003,30
376290,35
284689,88
10518,35
2501,23
228326,13
318781,59
839,99
6644,70
7249,193
40794,170
17159,26
153,170
12481,221
2034,122
318121,5
13008,15
8440,17
286192,40
436343,30
8356,30
658,214
88273,59
11426,30
568,158
713,30
76758,16
1791,71
335984,232
8741,88
19995,145
9509,92
152603,4
49020,106
4689,135
9662,5
340,5
165213,83
621,56
377273,0
284054,63
187,52
8424,170
398173,72
38234,99
639,162
9075,6
488,68
106,145
10400,160
9299,174
75656,167
332270,68
376867,38
304357,0
4584,30
10795,149
9516,14
2666,192
4476,68
259316,181
121875,57
11661,88
315635,80
21484,20
250538,0
37135,27
420814,73
2798,26
54138,145
132363,160
8810,186
17529,0
1254,61
21191,122
690,17
176,129
11589,195
3933,120
127533,31
196,131
94329,52
1677,61
2639,64
64682,30
7862,6
1429,17
5506,7
33997,0
249164,0
10654,207
500664,210
492,173
20246,149
307081,113
82695,158
399404,104
1669,214
840,133
2503,47
13041,77
76543,30
1359,72
13151,13
5503,172
590,0
15152,130
11499,158
11850,184
881,0
2252,9
756,40
11644,83
245168,104
342737,38
51241,4
11963,83
209274,0
11772,153
3766,44
22538,74
248933,0
38142,30
407448,155
228203,0
519035,25
850,223
17654,89
312221,36
10024,102
10669,183
10617,113
161,167
14736,226
134,130
853,88
34647,0
246,77
114150,25
12207,100
9056,225
19666,159
13368,207
1368,214
345,23
8374,52
111969,5
10149,5
37094,10
177,215
427,100
116,108
4816,15
12762,26
30497,79
10234,51
381,149
760,26
10437,188
197082,0
457,170
44716,75
271110,76
9589,0
63310,15
1813,23
37472,31
1725,56
284052,76
70670,167
766,147
9539,51
87827,77
22803,10
88,71
11416,78
506,149
140,149
242,10
256040,113
469,58
319373,0
8681,99
45317,19
4147,10
146,205
152780,90
325113,0
11305,95
239571,30
3176,183
764,79
801,28
447332,146
794,12
21641,19
99861,80
4771,44
228194,0
33511,160
10139,104
391713,5
459,59
866,38
11072,70
39107,150
16633,109
15999,63
9361,50
420622,91
401104,0
15196,9
2841,68
10360,104
11868,79
686,133
77016,10
220289,81
10474,15
2759,5
46838,82
353081,98
169881,158
375315,93
628,101
6114,79
11450,158
104,47
814,82
9550,205
551,77
830,196
855,21
470,10
458423,25
3089,189
273481,219
5590,139
65754,149
353728,0
10144,40
462,160
11639,173
20312,195
922,112
299537,80
16520,56
10511,30
10644,25
9652,35
114,106
2028,226
191714,30
454983,25
167073,30
76589,128
205587,38
606,59
119450,213
318846,5
507076,51
338766,10
1640,0
58857,77
6145,83
13597,178
400617,30
436,10
5123,61
82690,84
14202,25
242643,52
11101,88
109445,85
168259,135
403431,5
1433,148
399055,107
2502,47
17814,99
11296,158
10860,170
338189,0
1544,170
11528,144
426613,0
180,210
4688,56
16307,153
340613,29
9267,26
297762,6
12162,114
9609,3
404368,60
537996,5
11457,38
81188,60
623,7
837,196
205601,0
4011,173
2756,197
9918,0
323677,19
449749,30
10925,67
232,14
10994,61
18785,26
245913,19
425,62
80278,35
2654,153
11837,96
1895,80
122917,1
361292,111
472451,0
419639,35
429197,32
10112,62
5825,87
844,109
44264,96
24804,86
406990,55
11020,90
49538,80
13183,184
25846,5
4415,59
350,170
9325,85
377,199
3131,158
15370,179
10440,121
11230,86
1491,34
57212,6
68734,152
1850,32
69315,216
39324,176
45612,184
403,5
9013,97
11051,0
381288,194
19908,67
271714,142
11462,42
11524,167
1598,33
11044,139
9470,228
451,30
9474,26
9464,17
37799,0
594,64
12473,15
11886,40
9426,196
227,15
813,26
10647,170
474354,10
110398,158
296098,152
340027,160
45958,0
11485,7
10772,70
34433,118
771,87
87,221
5236,9
374461,75
129112,0
1262,139
15080,30
381289,45
250480,40
287495,158
465914,108
19913,18
695,215
30890,48
5693,36
294016,160
859,30
5902,88
61791,203
11660,10
50646,170
324849,60
51828,4
167,133
138,235
11673,59
243,207
11236,11
59468,24
1278,71
20352,161
476299,153
4518,158
4441,30
130925,60
504603,7
86829,46
199,197
49051,1
9388,5
916,122
2998,30
1427,15
8293,136
10693,179
1878,24
6978,140
12289,151
65229,0
2657,204
11646,88
1213,10
14047,160
376660,204
16608,65
20345,153
63831,0
18320,59
11929,155
11934,64
1440,211
8923,36
308639,95
203,15
2117,104
1623,17
11978,0
97365,2
49047,55
8337,89
10236,30
417678,4
10312,5
412202,0
10722,228
4538,204
2609,26
10150,60
58,182
293670,20
2270,41
22954,158
371638,5
14359,90
1548,5
5488,170
1645,54
170,53
9322,99
364051,158
346364,231
9833,56
209276,17
1830,10
635,153
2977,30
401,215
336050,6
994,65
64720,35
458,170
14447,200
156022,92
6537,51
13382,40
35690,30
332283,91
45094,112
46829,5
12105,179
22527,44
19833,26
8428,142
168,131
259693,153
861,80
1714,166
329805,30
51497,92
9078,40
11687,173
80184,42
759,207
11050,215
11576,97
157370,34
13001,145
254172,0
9587,2
15067,130
1265,117
9473,119
421,24
217993,128
9603,226
213121,13
270400,0
14306,223
25793,93
4176,23
2055,70
14748,15
504,54
1643,71
10536,125
10986,26
38810,71
429191,0
12143,93
573,233
15283,179
5548,203
556803,25
2323,36
10501,62
293,102
197950,52
259954,25
345920,30
509,170
8053,44
2832,42
15588,97
206563,10
8844,178
1538,33
72113,5
10673,46
1555,170
44826,117
2277,94
7340,12
409,68
267,34
4232,129
37136,7
13012,54
317557,19
51876,184
476,15
11446,204
79707,179
10528,172
788,45
10403,95
60308,36
9576,227
1443,30
624,96
399366,20
11093,0
152584,69
74306,5
7350,38
212778,100
328387,97
2355,61
245891,189
1574,95
236735,83
172106,36
62204,96
268,128
6615,170
11393,36
23168,10
82881,161
19123,97
657,98
8088,4
941,201
9540,231
3293,160
10975,172
12092,179
10009,118
68722,0
8963,83
157832,0
8438,17
473,23
8470,220
12877,156
11647,169
445,23
10653,116
1678,53
285,182
258230,3
10601,178
390497,113
8329,129
59,10
112949,25
177677,98
2567,160
11527,41
40807,58
49948,40
14412,155
11893,99
1572,198
10634,100
10648,168
10141,7
17612,71
11177,0
1730,111
11815,196
5916,225
333352,28
449992,52
8879,70
396371,160
147773,58
279229,109
11533,178
11337,170
1621,26
72570,30
34584,181
508,170
364689,62
297,90
50348,10
38684,4
487670,176
483,200
1259,71
10948,118
979,33
10559,55
8393,86
472734,5
22536,51
14292,36
1271,221
42297,56
116745,24
369972,104
6023,30
203801,130
378,7
17443,149
931,51
198663,213
5176,70
365942,37
429200,65
6479,213
257211,26
11971,170
430447,41
13885,101
4032,5
297725,190
1485,167
440161,5
10102,5
37724,98
1997,117
711,102
1024,112
31906,114
68730,158
1807,15
21588,67
8469,103
8092,0
454652,104
23483,222
58574,172
239563,58
1073,155
9905,167
4104,170
612,31
424488,28
883,5
11257,30
9741,114
1367,29
12614,207
1103,89
13320,25
4012,0
82684,36
11509,14
70160,192
7972,10
1694,196
12889,190
2054,105
11561,126
9787,113
455207,163
5919,99
10712,29
251,34
283552,30
336000,0
569547,184
6418,30
11219,121
978,158
9829,122
12560,58
14299,158
28384,56
527435,73
761,26
102899,76
321741,160
365045,117
336843,191
8619,28
48034,100
127517,35
651,28
609,79
4836,220
860,81
241,65
241771,30
10625,185
9837,62
1164,61
345938,61
13785,26
290250,121
11153,195
236,170
82693,106
1985,23
418680,104
10868,93
615,0
324560,42
10083,47
17917,105
8363,185
2668,111
5279,155
10142,16
363676,104
9316,99
36950,112
103332,139
2742,15
10223,167
3053,82
302401,10
14139,81
4727,26
252822,125
102651,182
659,88
9675,170
203819,96
103731,0
9994,161
10514,81
39486,160
10217,0
10830,202
4512,113
11004,115
25508,114
200085,191
370755,170
396263,176
23169,2
90,187
11287,36
9769,4
11176,62
22302,54
607,80
12159,107
936,7
401898,30
181808,63
10340,40
1900,10
291270,217
4552,101
546,46
10531,23
116149,73
1089,92
37495,95
9502,62
393519,101
43923,57
927,147
300671,21
1715,0
9281,108
557,182
6471,26
8072,166
84199,226
384677,227
12144,118
10476,56
468,102
339984,38
9696,228
256962,6
10753,52
423646,156
2769,207
11447,0
33613,143
11973,83
1924,63
7304,122
351339,164
8408,196
11165,88
44115,183
64685,46
398,3
10867,0
402897,32
68924,0
14637,35
9746,158
160588,204
8764,26
55931,176
332872,4
9434,74
15255,52
395993,0
369883,223
19265,25
354859,59
156700,57
11336,53
526,134
9542,141
11636,122
28053,5
228970,160
1165,61
397538,19
11454,72
446354,104
310307,104
24253,168
11826,65
6968,122
405774,35
15400,161
2024,21
127380,62
10564,170
323661,13
13550,153
411,41
1553,38
912,108
12230,62
9003,199
454227,31
22494,123
327,10
366924,176
408,60
7270,95
2383,117
9555,78
652,110
281338,133
424781,190
12149,152
85739,14
265228,0
864,144
11797,100
184352,23
432087,204
4588,34
13378,40
1885,0
847,182
493922,153
43539,108
4192,20
76025,46
7326,69
180863,17
2671,12
9846,167
9802,198
77495,83
1958,9
62211,40
10895,40
465136,109
428449,107
70667,110
11386,108
10545,27
2280,139
16052,142
30508,48
1272,81
9454,170
300,173
646,98
10707,64
9303,108
33914,223
644,37
9427,26
24684,2
10436,162
7299,203
8051,170
339987,0
173,37
926,126
8974,203
9606,176
87093,29
395991,0
12914,224
109410,19
9441,170
24469,75
343668,130
298382,0
9820,223
11831,158
474395,128
10220,46
10122,224
65215,161
1857,80
15487,36
1090,184
9929,62
7485,219
11075,111
281,55
250734,30
2469,17
381283,101
330483,4
15849,79
397837,23
65,142
9701,93
3472,10
755,141
53487,38
13342,58
9443,158
2604,28
174,197
448095,175
11367,7
1581,25
363088,218
10497,34
1584,119
9692,0
9430,125
13198,139
2100,47
4464,158
14506,140
8095,59
324552,52
166666,220
20766,96
1381,123
56292,98
36658,197
77877,30
9631,169
9953,75
2907,147
84329,94
489931,15
1808,142
36657,80
809,13
10198,40
55347,170
10130,112
302946,10
9026,59
4643,77
25196,159
13416,36
11616,130
341744,5
337556,109
333371,55
26428,158
16553,227
93456,161
1934,25
1637,222
401246,0
2322,95
17111,153
350312,113
11633,176
12335,13
13253,193
10876,0
558,182
67913,125
221902,0
1630,0
2295,66
12225,170
62177,13
11224,120
118,73
51162,40
254320,94
285783,183
13809,52
11879,51
19204,67
377154,0
253980,47
157350,124
35,161
46705,4
11329,114
10297,25
210479,35
3170,27
1547,82
113947,170
11843,7
347031,139
2164,80
401847,95
12268,7
8009,182
445571,9
18240,170
11689,86
298115,13
60670,9
408220,216
55787,30
1833,56
321612,120
9392,79
8272,102
13920,19
49009,158
263109,62
84175,96
1770,104
533,62
18937,11
8833,86
11848,0
16938,20
402900,125
97630,152
1832,195
7445,136
262551,115
369192,19
9952,28
10218,25
2061,122
388399,122
10537,105
67660,18
187017,228
9487,62
242090,170
10530,85
97367,38
39013,0
209451,142
11904,221
4148,116
14337,55
76492,161
15856,129
338952,41
9667,83
171372,58
392,211
188166,167
586,5
73532,5
399057,23
285923,141
8052,35
14924,159
9386,219
13939,33
12101,232
24420,4
308,170
1826,217
320,9
6399,130
68721,76
754,216
431,184
130150,0
9519,220
1535,92
254375,24
419743,30
14533,91
11631,157
1374,61
924,113
85889,95
423899,104
9036,117
31997,83
15789,85
9533,72
152737,5
51209,122
314402,15
11360,40
9732,118
8195,172
9344,15
127560,88
37056,170
9314,166
84332,123
36955,98
12783,59
9684,48
419709,215
8881,16
337339,172
310593,5
9591,56
140870,118
15723,5
1412,0
547,2
192136,104
13667,66
181886,42
175774,37
11975,10
10692,72
41428,196
604,197
954,98
10590,21
2289,59
254470,119
29702,153
340101,68
15867,0
10882,120
10423,160
339692,65
43347,18
252171,79
79113,188
110390,5
300669,233
49018,12
262391,26
942,201
283235,38
20770,26
12089,121
25941,122
445651,81
647,182
77174,84
11162,30
487242,150
1946,203
62837,27
10212,127
85446,159
226857,4
458737,46
274870,123
332979,19
8982,122
10846,170
278927,178
51999,123
563,186
15144,185
113160,30
44629,149
2048,89
744,74
249,5
15775,4
49530,203
272878,117
8736,26
332794,96
308266,95
2652,93
297270,118
10780,25
22051,30
9390,170
42188,166
9282,33
9283,170
64688,228
10865,206
2623,30
72976,158
3509,232
353571,0
238713,228
879,73
276907,167
11006,130
82507,20
491472,112
29161,231
131634,124
10276,26
19255,170
39108,176
7980,61
9798,47
8193,185
17360,36
9270,90
1771,80
272693,185
2109,125
957,126
2755,5
11873,36
9563,36
11033,42
3683,88
256917,28
443463,0
11916,70
265189,29
2266,30
12763,48
2253,88
9647,188
11013,170
297802,63
1573,99
11170,36
7874,0
375183,38
8068,52
9090,26
16281,67
446021,149
376570,174
256835,13
286519,142
37735,208
10399,30
9762,159
11022,122
16620,142
2787,203
3573,170
13435,91
2288,2
13813,88
9451,208
3877,61
168672,15
676,68
7229,7
10133,184
49519,84
10439,147
75258,179
291805,189
710,214
11820,30
2039,162
11864,133
9403,5
14411,62
11571,178
50839,35
10779,82
77887,40
2462,126
417670,0
2669,31
21208,153
326359,118
2016,88
11071,184
98548,0
390734,176
83542,166
854,134
1817,35
8390,157
11468,149
38408,215
252178,151
468202,167
400155,60
351145,35
12626,170
11439,42
2255,170
10973,79
225574,99
26466,127
8852,79
2259,30
22971,4
2293,25
8348,97
10785,196
1255,146
9749,7
321697,104
9778,170
251519,128
9900,26
13685,204
11652,36
13312,194
280217,218
9476,205
8699,26
11302,26
17578,118
256591,95
313922,233
27585,61
16093,129
393457,0
16995,35
602,145
170522,62
192141,99
455980,5
9503,0
86838,200
5876,53
10974,130
22947,30
39254,191
4929,70
11935,55
138832,7
11708,73
953,40
1991,99
62214,161
244506,0
9663,171
300666,38
59967,210
17979,27
2614,132
13509,147
9538,53
9960,183
110415,166
68726,124
228161,193
38055,193
9707,212
11774,62
10837,13
131631,186
364,182
8367,205
8848,10
294963,231
10776,82
10649,52
5038,30
2064,204
253331,0
12281,15
10138,76
1648,131
65760,10
8880,16
9359,130
4271,26
2362,146
4566,35
9411,169
157841,117
243683,159
107985,132
454,30
337170,198
52274,231
9469,38
347026,104
438799,196
154400,15
55420,133
2112,46
10998,111
244772,38
11227,139
287,25
9799,52
253412,96
82992,52
561,101
11319,179
207933,83
11054,119
8489,160
3784,18
9789,204
49444,40
12924,37
4912,108
11770,144
10687,28
29963,30
12079,95
277217,130
9007,134
11448,25
11455,26
19933,13
7551,216
9942,144
9318,62
232175,38
435126,5
14410,112
14370,25
11092,155
41233,56
400650,202
21755,24
260514,62
1903,109
198184,191
25195,163
12573,66
913,30
564,182
56812,135
76726,55
10015,151
577,95
72190,230
303857,182
9433,77
9819,136
2161,80
315664,160
691,98
91745,69
10388,168
920,62
37137,7
379149,135
248774,25
1495,50
19185,79
393764,5
276908,94
105864,118
7305,137
390043,86
249397,90
44249,31
150689,107
14367,201
8326,117
8697,130
11507,9
338768,5
1371,0
6973,33
14181,10
12150,138
227735,27
9781,119
15393,108
10195,182
10027,222
11086,170
1365,2
1824,25
712,170
4517,59
82424,40
254,77
13510,12
12151,26
392044,44
2616,45
119675,30
158011,220
11967,14
16395,12
37686,8
2005,119
29917,42
11780,110
360638,5
8265,26
846,184
1494,113
10873,101
1364,71
12244,186
11690,19
1721,130
15016,40
10758,25
9558,167
188927,80
339419,91
250124,30
36819,131
9654,222
1696,72
10323,206
13062,40
11340,86
296524,113
7453,224
9387,182
400535,122
9481,149
10711,122
107846,99
429300,34
49049,213
11522,25
398175,225
277,235
12187,139
384680,158
13465,60
12651,151
493551,104
9442,121
75900,160
9880,185
246860,0
369885,68
399579,197
1947,61
328425,42
11542,53
49517,23
13820,232
11184,160
353486,140
276844,170
2300,161
337674,93
11880,141
12246,50
9659,186
11836,161
467632,175
43645,134
14635,38
511785,57
37233,152
4978,117
12178,170
2044,30
3989,130
51052,27
223485,34
10362,30
12205,153
257,15
11208,23
10264,112
634,211
41402,101
8976,64
365222,31
22798,36
254578,0
411999,184
283366,178
399170,228
2142,169
87502,0
11974,212
209263,211
20504,213
660,98
75802,25
10166,79
3902,142
402,42
50837,35
10493,10
156711,25
4547,10
12233,161
11371,143
11977,144
46146,79
1125,0
62630,122
28942,53
10347,222
76338,182
1858,145
2758,202
10675,149
10115,36
38199,114
4523,202
10412,47
16241,146
82703,118
71864,45
9766,14
239566,142
8292,222
9839,205
407655,177
9560,4
11515,160
10316,0
87825,30
402298,104
1871,97
97,124
429203,95
9058,25
2882,30
136799,13
1439,59
1552,45
212716,170
10510,188
8696,5
152747,77
10586,195
245,106
303991,215
170687,202
5994,139
177494,200
298,167
12153,26
245775,160
4437,81
464502,65
11183,26
140300,62
11655,51
428495,35
38050,232
1246,0
858,211
2163,47
6415,130
157386,69
1875,97
768,153
11601,20
11253,63
6878,58
10803,89
321751,28
41216,179
483104,25
175112,40
18129,15
5353,137
96724,30
95,197
278236,0
9062,30
8769,79
2001,43
241842,67
457136,104
6072,35
5595,42
9326,74
310135,124
18331,126
10226,194
39514,201
23202,212
11087,61
24803,30
17332,0
10995,71
105077,191
11134,52
9602,227
87492,19
284303,51
8649,46
253306,212
7457,220
77459,13
171274,44
9031,130
591,42
398929,26
238636,231
433310,134
86825,51
9367,52
474335,26
9362,141
26171,0
9613,23
11364,30
1948,234
9357,12
11497,11
9871,101
294254,213
4108,52
353070,7
11313,90
310,173
10189,86
10215,139
332340,18
11076,77
84355,204
8271,23
9336,7
11135,179
46420,79
11838,199
15854,161
787,234
348350,80
480530,36
241239,10
8827,5
35052,148
1635,186
12165,2
6081,125
376166,30
9374,147
13971,69
8669,57
9950,0
396810,58
8872,119
6312,78
200505,36
11185,200
10909,167
9410,170
8967,38
245916,149
21629,26
956,214
316152,21
8355,62
5255,179
11322,158
9726,170
20539,158
13448,42
1701,52
462919,170
87499,148
160139,42
10656,99
135397,197
410117,0
14746,99
9319,154
3635,91
1597,25
11068,170
796,217
74513,151
10183,0
91586,12
17609,51
136403,25
78698,96
68727,149
11009,48
8270,10
13155,178
39103,150
400,43
7443,161
407436,96
8536,63
4587,170
8065,15
325789,10
44945,10
10652,151
339964,145
795,107
11003,25
61404,52
92591,95
146015,35
334524,183
11624,26
38363,152
309299,104
171540,7
45132,5
26388,23
13291,220
513574,159
452,5
2925,26
9087,170
239678,5
1389,7
11520,66
205775,78
227973,62
39104,176
10045,203
37933,206
2788,170
10156,26
3179,161
15762,171
44896,62
636,166
300693,160
443009,5
9740,72
157847,0
206408,106
943,201
1887,158
11543,144
9737,125
12113,47
425591,33
12160,113
38542,220
136795,228
10719,202
15167,40
667,154
11635,26
126963,150
10957,40
3021,12
9869,122
1921,30
66,149
10155,167
450322,29
121826,170
507569,182
17689,122
950,62
496,26
48138,99
6538,32
68817,159
80274,80
22586,179
406994,231
335983,191
9093,71
83899,153
375012,51
440021,20
157,197
10890,86
12609,62
36647,235
332210,62
25,28
150,125
162215,151
12227,117
5718,5
450465,23
484247,149
315011,80
18415,15
420426,182
20,2
50456,154
64328,119
4349,152
401545,149
605,197
9687,26
352157,0
3595,198
330764,173
13090,204
310131,129
9655,69
11412,143
5955,155
398181,155
13179,179
152795,133
11064,26
1487,191
301365,20
166,211
14510,196
46195,85
4944,5
9331,152
10176,55
1586,42
9059,212
13763,159
3525,162
9489,25
8066,23
4958,6
48289,35
15356,10
44129,0
10961,212
12155,178
166426,140
8871,188
8874,163
283350,170
10806,26
565,199
164457,156
668,214
10072,12
27936,228
11592,174
9919,227
790,79
429417,101
227700,35
401469,167
9689,5
10010,118
179826,42
12133,66
8456,36
45610,52
31007,93
241259,178
13804,122
11283,202
39781,5
13250,156
1870,97
231576,5
5951,157
10741,158
7191,216
345009,83
2330,228
1710,35
9445,148
12184,136
157849,83
446894,179
8005,26
10328,94
1988,152
10126,33
9614,144
8913,38
25475,179
9843,125
9588,205
8328,159
449443,52
9909,15
306947,83
339408,160
23963,196
7219,79
1930,182
201085,20
241848,143
381719,118
352161,220
5879,30
300155,34
22970,212
51540,7
544,25
2023,70
12690,15
1562,53
16538,26
2140,52
10288,67
270303,199
10201,26
62835,122
6972,30
9567,151
37725,134
27850,41
1624,26
136400,228
10999,214
274857,113
22794,161
7985,134
9638,79
269650,176
10731,149
10934,25
8467,26
816,131
2897,73
339927,26
253,98
11498,34
109421,155
73567,10
10354,149
7446,86
9297,60
309245,26
75612,124
55721,157
1498,218
264656,0
334522,6
15171,105
14353,196
401981,42
8840,181
10503,5
9739,89
6964,162
74387,144
9044,30
10464,106
86555,29
2924,168
471474,176
163,167
2454,178
10484,100
9913,111
9595,86
5780,42
15613,8
75174,35
9346,226
10650,7
311291,29
274479,5
9964,132
199575,55
36834,91
351286,76
2059,214
8834,219
8338,55
60309,158
2360,7
11427,153
699,154
2605,126
9763,36
8012,200
11913,26
11899,227
246655,76
1894,80
227156,166
5175,125
11282,195
225728,50
6961,163
11259,30
10279,108
9313,78
360784,231
10691,2
2675,8
10096,134
11400,59
145197,123
396940,148
4729,26
16367,48
340611,0
49521,63
3049,121
15157,185
244509,148
339259,164
10147,95
84184,170
1571,198
7450,224
11027,71
10295,86
11548,190
336882,47
772,165
290512,30
6687,9
1576,230
286554,227
6575,48
9532,79
11654,34
396422,153
215,79
116979,233
1593,140
884,116
20943,25
504172,10
270343,25
11091,170
10664,12
7873,122
64678,69
273271,184
9352,103
80389,122
991,166
80321,161
112336,29
9972,222
193,197
267192,104
43549,35
14052,103
280996,90
11884,145
245700,158
253450,31
944,201
9716,207
397243,20
331836,26
8413,196
10389,79
430231,53
39513,126
19898,203
1911,110
48395,188
22244,101
44251,150
293970,100
302,167
376866,160
7516,125
16617,9
242224,38
9870,170
865,89
11430,161
11566,26
309302,96
5139,26
60420,30
12689,211
12117,155
12720,51
6435,134
2046,111
5683,195
8868,62
11559,55
11229,22
146216,92
353616,119
11281,12
363992,10
1990,44
424783,80
300667,5
10502,75
10390,30
7555,99
266082,0
123,1
9779,5
11814,126
10782,168
4105,52
172803,35
11120,96
2105,25
8204,178
36593,7
4413,10
11047,62
13665,162
9768,119
13249,113
68724,203
419835,44
68812,10
834,216
682,154
171,211
8952,170
20857,25
618,16
10800,40
15373,26
37645,225
6522,7
10894,30
424139,12
295964,5
44865,31
175291,95
204922,42
9664,50
21385,62
14055,217
231,152
47760,30
10947,177
16366,40
1893,80
458594,175
44683,179
204082,99
22972,137
9535,7
7211,170
77561,133
16523,190
11584,25
1865,182
10158,58
13648,230
10859,74
5125,152
333385,74
10760,26
11625,62
4520,23
2617,26
268238,5
8491,26
15301,146
1266,169
11835,135
51991,170
2110,86
294795,23
303858,33
9816,105
34769,228
206647,222
11596,153
6440,71
403605,99
50546,18
10060,61
10414,144
11980,12
11130,170
6691,170
811,37
152,192
14249,34
75780,169
8909,189
3594,23
10585,231
8488,170
619,34
6950,55
467938,189
8961,201
343674,114
1369,214
13967,91
11680,100
109451,161
282984,90
72197,84
2171,26
15139,206
1493,228
102382,182
339397,18
449563,134
10851,149
274862,118
9064,12
1809,170
7518,161
9944,149
8665,23
7442,10
271724,0
12308,170
9599,171
11676,130
8987,172
622,153
72784,175
81025,170
9086,70
44048,99
1907,183
88005,94
44147,86
9342,98
10249,218
588,199
10567,40
11622,170
10743,125
2789,89
1281,26
13150,33
306943,185
117251,47
2978,173
13193,5
10222,189
10874,130
9522,163
374617,149
61891,35
10135,189
10052,0
518452,5
257785,30
5072,212
415401,5
261023,54
11023,15
13990,0
10184,170
4141,125
9404,201
270946,62
9414,125
1406,26
27429,196
1619,122
166076,128
331583,148
9317,126
8197,149
9828,220
330,80
9556,191
300673,31
22897,227
63492,25
10021,26
445040,160
95610,25
10897,106
59961,198
77949,231
15655,161
397722,35
13122,111
6069,147
266285,112
1945,61
109428,79
301804,51
455656,208
375366,146
400136,80
10847,183
1845,25
59678,132
2251,83
41154,132
681,98
11114,60
396493,174
429733,86
841,80
1551,146
200,145
10393,144
71688,158
12182,119
116711,179
5336,16
354216,127
11298,174
117974,97
9777,90
20497,45
8643,233
446791,149
708,98
396398,5
9100,212
60307,223
10660,170
101669,167
70981,192
1957,114
402529,142
59859,222
1729,182
8835,26
10471,22
241554,155
2069,7
271736,19
369299,25
211672,84
295699,26
10866,23
11846,163
10466,25
12797,134
1909,18
397,25
320588,170
9872,224
435,197
24740,153
1965,10
192132,57
10651,39
345887,225
73723,40
16614,26
43947,233
396461,149
157547,199
11890,26
36668,197
10591,226
360920,13
2290,32
12665,55
157360,100
11503,12
19124,99
45243,26
9272,114
295693,161
26390,169
20526,124
395992,53
13053,62
10159,214
82654,67
2294,26
390054,28
242042,170
324852,62
12222,13
9255,86
76812,175
14001,79
214,233
50780,0
6947,23
82525,65
928,147
27582,234
12106,70
10398,149
76170,63
14462,23
75761,82
10539,118
535,30
1687,89
10684,23
15596,26
460885,189
39101,176
9437,149
10527,161
13027,198
2655,111
177888,177
9291,22
5551,214
9515,122
10540,192
11379,131
27958,111
189,225
172385,62
382322,14
7300,25
36586,235
13333,122
74,186
7553,26
210947,12
30923,60
20481,101
2453,99
8077,230
75674,99
8346,211
8054,178
294272,178
13679,179
293167,182
193893,180
325189,177
10140,181
20048,227
9315,23
7461,122
14254,111
10074,86
4728,26
2577,232
12403,42
84306,170
238615,184
49527,52
72105,173
6283,223
308504,221
1378,217
1989,30
18405,156
12412,6
346685,108
10380,118
3537,46
338970,182
4488,127
21407,194
302429,60
23631,86
483906,14
72387,52
2207,172
700,214
284276,0
38843,100
70821,0
13022,141
617,23
202575,181
38575,77
15739,105
15577,15
20662,77
457435,195
417859,13
4564,170
290751,149
8388,26
9772,99
246080,183
9035,171
9529,51
9490,7
300668,184
3036,123
309304,5
3638,215
250574,231
449574,176
3981,25
4513,12
411143,81
451500,26
26320,48
11247,185
334521,143
123553,209
10699,23
262500,186
9681,25
43930,77
7512,131
584,52
39538,55
341013,98
11172,25
12201,155
10047,50
6557,25
9350,214
198287,55
11128,47
10029,200
68735,1
4233,129
96,187
5653,158
332567,51
245703,37
11395,188
121674,30
15947,40
9805,126
240832,191
2123,66
11096,153
199373,167
70436,9
38357,162
9671,195
9788,26
6488,82
14136,202
48231,160
3536,151
9294,109
62046,7
1880,99
446101,47
425972,51
316727,141
11449,51
82682,122
9032,5
467,10
5,7
18126,207
324670,216
41733,5
345911,153
2043,143
284296,5
179,156
369894,0
21786,111
339527,9
10057,130
11088,122
8584,130
2133,0
288036,103
17898,79
34544,201
1647,198
10428,122
328589,5
27576,198
11808,92
2667,129
12242,161
9618,130
155084,12
6076,170
415842,189
11591,163
11444,26
169917,155
184314,0
255343,175
339994,10
371560,101
9718,26
50620,209
57800,62
2026,149
73873,0
399248,99
13225,206
664,77
9759,99
525041,163
11169,168
302699,86
323373,119
8922,12
11551,63
19457,122
8067,134
1410,126
6957,25
149509,51
16119,120
13567,174
13497,207
9335,52
608,80
8386,26
1931,61
9276,171
10562,42
75,190
817,131
325348,80
9899,66
77866,122
244458,212
8960,182
356305,26
6795,224
245706,17
236399,23
43933,8
11954,53
9422,0
11460,12
38093,170
9061,135
3172,74
454619,25
236751,0
146239,26
280092,51
1428,90
431530,26
1268,223
31867,203
117263,99
714,98
9593,140
9273,97
87421,203
174772,81
11352,107
4824,172
259695,156
425505,191
18487,149
4953,5
157845,15
477033,199
9043,170
116741,26
60599,35
141052,63
168530,86
1599,217
11529,227
102780,35
49017,235
1577,230
13600,178
11001,228
3040,99
5680,147
10898,118
10326,109
12146,83
11827,206
182127,113
9882,219
1685,192
145220,97
455,170
314405,107
41283,135
283227,30
6279,119
5172,94
28355,20
10761,25
296360,106
152748,108
209247,7
51447,26
273477,67
10543,34
13973,5
10764,172
420648,212
4787,149
290999,79
8738,191
10330,126
11557,106
433422,140
9801,25
141043,5
157829,61
2116,10
9928,193
59860,25
9991,22
11286,26
2080,197
9679,52
293646,158
10547,81
290595,77
188222,58
5289,14
9792,194
4421,113
9333,168
519253,0
58244,109
152599,4
82675,92
400106,222
376134,123
2661,218
10516,126
72710,186
298312,20
9472,144
9605,35
305470,80
27581,228
13394,13
109414,115
11484,124
272435,211
9992,179
10991,179
8851,196
10442,200
10972,129
14844,25
113148,5
279641,26
11191,170
13680,144
2275,149
1688,89
195589,115
340837,184
264999,5
463821,60
4244,202
52505,0
158015,53
41630,157
314095,104
46528,154
76163,214
49021,154
34813,172
137321,107
11976,41
22804,129
294652,225
381034,194
12912,25
16871,194
8838,219
10832,12
503616,170
10589,228
8999,93
13532,195
133694,0
36643,214
1734,182
256274,12
50204,175
9102,196
323675,86
2575,35
8839,202
9354,218
201,197
257445,82
9486,130
16342,153
81390,172
9615,122
52520,235
13417,161
6637,154
88794,104
181283,174
291276,198
52015,146
9573,33
8818,158
399035,99
2284,202
9079,30
13975,149
1689,158
427641,63
8224,9
15037,170
26389,92
413362,112
19901,89
11238,85
707,214
10677,30
10622,228
390062,183
1613,125
84204,53
13934,40
116811,51
228967,86
50698,12
112205,228
9477,110
12610,62
11007,223
10665,20
2642,227
11081,168
467660,12
2637,3
11384,228
8884,109
16577,176
38303,25
693,157
4614,198
319341,26
9691,172
14024,69
1492,78
10576,20
158852,192
7737,230
296099,26
5174,125
8675,103
181533,73
9280,167
11915,26
14197,25
1724,80
29427,129
10607,26
11560,155
333484,221
16996,208
348893,52
370663,4
28032,11
10426,26
9543,182
437557,100
15417,205
23082,134
12085,228
11002,205
4965,216
22832,143
227159,22
4964,170
12435,170
41479,5
11234,213
225565,106
11232,190
6963,64
10358,66
9398,26
9369,62
2269,173
9705,52
10544,78
13205,27
14442,202
463272,130
709,214
341006,175
1727,74
10766,47
399402,99
138103,198
267935,178
11860,25
10246,103
214756,66
8007,151
9611,115
75638,83
10303,74
10529,63
11821,25
333669,198
71552,26
136797,122
9885,12
38543,205
134374,125
82532,5
10657,101
10028,227
178,135
11017,26
9922,37
12508,48
810,13
260346,189
4247,103
132232,199
11917,233
145135,53
38117,109
218778,223
7131,235
2619,134
12262,127
49529,145
80271,211
7220,14
10294,12
4959,10
199534,12
209262,152
13825,35
9408,161
207768,233
15653,161
9621,170
6951,125
324668,198
447200,86
11323,95
81250,57
2246,15
339967,133
11699,15
318922,200
409297,101
10192,13
9902,12
12103,114
13092,162
14976,0
441701,199
72358,5
2662,79
8843,53
15997,118
9457,80
16340,62
109439,26
11619,62
5516,125
419831,0
4380,170
424121,20
298250,153
18781,12
50725,170
10013,139
11896,200
35019,202
407439,158
23830,30
11479,24
10611,5
80585,207
13523,226
11892,10
124905,191
13515,111
408439,54
58233,201
109443,66
11415,82
1649,131
25983,129
14400,137
10765,26
663,233
9896,195
9358,129
14326,30
114750,5
11891,86
2058,25
254128,47
9373,127
296100,26
12526,12
559,182
115782,104
1248,72
15516,12
341174,71
9355,124
4515,78
363126,42
2770,217
65086,51
10379,202
37710,99
8845,99
11008,62
10431,92
11211,144
5971,22
10065,79
10982,161
410199,81
49040,154
10483,203
1825,113
49022,162
8978,83
10479,50
18032,109
9339,139
2212,111
196867,45
11348,153
49494,96
63493,29
1844,30
9945,235
383709,0
32657,178
2320,137
190955,10
10739,25
351964,211
10720,227
460793,13
244264,106
39210,5
183836,26
27578,214
23759,77
8592,201
77930,5
82696,170
9642,62
2019,122
698,197
1537,167
134597,194
9425,89
10070,212
11099,8
11862,100
11983,205
8130,26
12994,8
451955,34
77950,40
405775,148
38356,80
11665,98
74725,233
34016,25
9399,189
59968,204
10207,30
10552,212
7095,94
15357,52
10307,12
12157,18
13282,132
48572,141
8916,62
425336,15
502682,170
328111,62
184346,233
2119,205
351809,167
2086,10
8273,163
192102,122
254904,92
3604,196
8856,205
1968,170
274167,26
87826,86
9598,45
60935,53
9620,197
339846,86
11823,25
126277,194
8324,5
159117,194
326285,29
406563,153
77805,160
12590,153
249660,0
1644,23
260001,25
10900,20
137094,47
16296,196
12600,206
34851,145
14451,67
24122,227
19004,118
23629,99
53182,151
254194,79
955,198
58151,82
259694,227
454293,26
9989,14
57331,214
11777,170
6341,55
43939,48
26515,127
297608,153
8984,149
317744,148
97370,55
395814,133
10922,34
20606,67
10447,210
460019,12
41210,170
84194,101
293768,33
37861,182
301875,123
10632,219
286565,69
9715,226
8373,80
36670,98
11495,47
6038,130
6278,182
11683,230
157834,166
70006,36
417643,175
2029,100
11824,134
9785,8
10396,172
38073,162
505058,79
8656,30
111190,0
11359,178
419680,87
11353,26
261392,86
417644,228
45658,170
65599,101
9506,26
169,216
9975,62
6282,207
9298,26
10480,7
18360,140
46529,197
10003,197
11418,195
426543,178
72431,50
319340,26
59962,74
64807,100
414190,191
13313,40
55846,225
10468,5
60672,225
10523,158
157851,0
46503,149
22327,170
8090,42
205588,83
9293,226
11931,217
48650,71
153518,195
4478,116
9039,220
9285,103
16288,127
79548,23
37834,86
9963,23
7007,47
9804,80
10314,25
296,216
289727,25
4477,10
9962,217
308024,121
2267,37
8078,89
345922,208
270302,35
4967,26
10153,171
24021,209
10395,101
8247,63
9494,25
12834,7
34069,184
10017,191
19959,210
8689,79
49520,26
2114,186
11137,25
2768,108
33217,223
158907,46
425980,5
1634,117
136418,99
64686,182
6520,205
309242,35
7552,26
14013,144
1656,98
300153,160
81446,200
35056,26
11355,226
55465,26
9836,161
10353,173
9096,96
38167,0
1852,158
13455,191
427900,18
11702,168
215830,153
6552,212
57201,221
433808,127
102362,156
353569,5
2082,79
101173,35
218836,62
13220,12
3980,53
99579,158
8966,209
11228,214
9029,163
331313,86
10025,139
283378,107
10781,174
9466,5
166271,153
287903,147
2103,123
1257,157
51588,226
9080,195
253626,47
316023,26
10735,211
460846,52
41439,79
22821,52
263341,77
283726,0
23048,131
347375,198
103620,174
1497,218
2084,167
10498,167
9955,144
9429,26
121824,99
331,197
9286,129
9725,194
268531,161
479040,225
9545,47
55779,129
2665,66
13492,141
220286,42
39053,170
13742,212
69668,23
33909,15
174323,208
10478,25
10724,197
4599,162
10730,96
426238,30
215211,30
315837,55
9564,73
335988,197
11459,223
152792,10
7548,71
534,213
76493,26
262504,124
2268,178
257091,26
11358,137
11678,214
9923,222
34480,12
12154,45
157353,55
174675,232
70577,155
9604,222
13811,197
35791,230
419479,82
335796,199
76494,170
41215,111
428078,213
60281,30
11857,215
50619,209
10313,26
32823,66
44603,0
13252,9
10663,36
16558,25
818,126
41505,20
12658,25
13389,225
10407,25
15092,52
9610,182
30618,135
9889,25
2085,52
356842,83
59108,86
11419,26
38780,168
12596,5
10555,161
27022,140
28211,23
342521,86
9986,202
10068,30
10425,65
72545,80
11452,25
4806,163
127867,173
10137,202
266647,181
10033,25
849,63
1620,234
10185,149
9570,80
428399,53
48171,51
354251,53
1588,144
34806,25
10489,12
76285,178
173897,213
8688,9
459910,113
9275,95
87516,23
8873,119
10022,45
11866,137
9395,198
152760,88
4379,25
10740,34
9910,95
13154,99
4970,12
11374,26
291328,170
130267,122
262841,132
18890,193
9541,25
4923,210
10157,7
278774,185
232572,24
8409,113
13944,34
27583,170
48838,61
38541,146
390584,54
65759,84
10023,228
9257,52
290764,14
11595,125
10641,4
253235,170
11015,153
268896,63
36669,98
13668,170
5689,69
401513,123
579,12
9822,182
345940,53
146223,149
1738,216
242095,81
9349,216
7520,162
292431,4
11431,170
11648,25
951,26
452507,155
11675,12
11357,174
10714,117
267860,99
9641,223
302156,219
14191,134
521935,153
10833,25
4256,26
12309,115
9619,137
182560,23
138697,217
11212,97
74998,47
3563,25
266294,115
1901,170
292040,99
10317,5
446807,52
2135,80
337154,215
58595,181
88751,218
203739,86
369300,174
2687,190
382518,26
14636,99
74777,153
197796,4
2057,23
6217,12
114606,67
49013,62
11186,101
5820,52
13477,227
406761,167
5552,191
7501,167
22824,184
240916,167
49010,52
297761,63
387592,62
44040,153
9694,12
13700,40
252512,121
13279,10
340022,228
293767,28
354110,0
9208,137
10748,126
48340,99
207932,155
9415,219
82,172
192145,4
18892,208
1370,214
12180,176
399360,96
9449,73
126889,53
5966,25
9448,130
437425,18
308531,218
2067,171
340945,151
87101,186
134411,38
73499,14
64635,186
244761,220
1969,228
2313,162
98357,156
463053,25
9730,12
10225,153
97614,54
8780,26
13474,12
184125,47
497814,52
471014,143
9895,34
1642,168
15413,223
49730,12
60304,235
133805,101
1970,153
9566,23
270010,5
14979,52
325848,26
12122,53
5559,62
270487,90
62213,173
278154,62
8452,191
187596,26
340676,23
86597,153
13499,25
15019,170
334527,10
76640,92
216282,99
10796,216
27579,156
45657,12
12245,9
6641,217
14128,120
2539,100
395990,33
11164,45
9397,132
8069,131
299687,224
192134,95
19164,118
10715,161
7511,217
286987,126
11133,12
37821,74
81796,216
254473,14
45649,147
245906,26
12088,203
15189,223
408648,80
1722,59
217,221
11069,132
19724,223
68728,41
98566,63
12100,88
1995,214
396806,81
144789,26
25643,30
918,25
84200,5
91314,145
378018,196
310137,194
442249,53
4234,129
258509,84
13067,18
4961,53
324542,52
4858,146
10623,14
8698,216
13460,203
7451,214
58224,223
10061,186
11775,7
10488,73
44363,83
433251,26
5137,197
49953,40
9644,228
433627,10
6073,74
13595,7
24271,7
188161,26
12572,162
6935,14
9101,26
62838,25
10199,118
19165,118
9493,26
9988,26
256569,43
37786,170
11966,94
301348,32
12110,82
333348,45
167810,35
10131,12
11894,45
79697,26
21972,202
209112,128
1966,50
336004,52
24056,141
10345,228
14372,197
346808,154
72477,149
32856,25
59861,18
10599,202
6623,99
119283,222
121734,62
321258,20
1690,79
310133,175
7090,0
12556,134
93828,172
353979,194
10204,130
267193,86
97051,231
9268,23
87567,163
291264,204
348060,113
5549,197
112200,5
190469,225
311324,182
1636,134
276902,175
9745,188
346681,26
323676,26
284536,10
14873,85
38961,25
62764,73
106021,154
9815,0
13654,84
334538,166
335778,158
296065,199
7183,155
6466,127
218784,171
274855,210
11199,130
192149,83
80038,106
8850,197
291870,26
11674,223
9894,22
238603,224
13018,83
9982,161
271718,25
312669,170
445954,135
8914,216
25769,146
12138,201
7303,170
7364,130
9874,225
32985,182
11025,26
291356,225
77987,10
283445,79
395458,149
97020,89
73937,26
4942,170
416051,23
37958,113
9824,63
228973,51
10351,196
390061,152
82505,12
146198,143
274854,63
3597,20
136835,167
8398,52
72207,163
44982,156
333674,51
9266,36
416234,153
17134,52
18502,126
418078,111
109431,7
269795,184
11968,172
23514,5
36648,63
10708,223
15969,85
13969,170
11056,79
9296,94
6723,122
18239,209
258489,221
9728,174
9948,62
7459,223
11638,25
123109,174
9754,83
12096,228
438,184
10280,12
375355,12
325133,115
59965,198
13161,22
540,86
9384,7
9932,7
147441,77
377264,53
228066,55
77953,26
86828,126
10035,170
302688,163
159128,51
10495,118
13690,62
11847,99
36968,202
8831,216
45650,214
306,187
157823,35
27573,5
58431,212
10538,198
9597,216
22620,121
346671,82
11908,82
3489,155
89492,26
11351,12
11519,26
52451,214
228165,13
10136,140
339396,86
10862,30
9530,100
2749,189
10014,199
359412,92
18823,182
375588,214
12118,7
10173,225
11632,30
1441,219
16866,193
107811,115
503619,26
174321,226
10533,30
4442,140
167032,12
224141,173
1705,213
9946,235
115348,35
12569,26
302150,154
9927,144
9767,25
20829,5
400710,133
10679,132
211067,153
10413,122
206192,155
6068,74
10406,208
479,172
2022,227
172,197
8989,202
9600,7
11478,10
24831,53
252680,100
213681,228
266396,14
14248,13
9676,0
14043,229
4327,201
7978,51
1996,214
136911,9
13812,53
114478,176
3603,82
9738,63
14869,197
10066,112
412988,228
14161,80
71679,230
39106,176
11141,74
9383,216
9877,231
10054,130
265010,153
9279,87
10030,103
13056,222
334536,231
11852,103
335777,62
11398,222
345914,26
385332,167
9348,171
57157,5
8867,189
2310,150
68684,126
869,186
503,137
10823,12
9091,137
355008,26
5968,25
9637,121
248574,185
395,145
81836,170
3682,46
262543,232
8849,26
109513,74
41513,13
11074,143
2018,163
23172,86
15159,121
18501,203
184315,221
13673,87
237756,42
401371,184
50359,161
11024,195
19904,12
10092,174
39227,205
10145,146
12192,233
11317,215
1665,0
13505,7
81005,182
257088,92
249070,234
9981,100
439079,153
255157,10
86835,30
6477,202
11258,52
1691,79
338676,133
2176,114
62206,130
9886,186
14223,51
4248,103
60405,105
9569,99
9304,190
209189,7
146238,152
12139,223
12589,218
2928,5
284289,83
408266,113
193687,213
11472,157
9073,195
10040,74
8836,8
11870,223
6877,26
9396,195
336011,46
278924,225
15671,208
353491,196
399131,208
411873,26
11456,155
72331,235
11932,79
485942,150
442062,73
51620,203
13186,12
12620,115
17336,172
44833,197
11467,25
9292,130
329996,178
458723,231
287947,140
500682,152
454294,181
157433,12
